timestamp,action,price,balance,regime,reason
2026-09-04T05:08:07.035593+00:00,BUY,417.4,57.09714,trending,2 bullish / 0 bearish votes (need 2) in trending regime
2026-09-08T13:04:57.370290+00:00,SELL,417.86,99.96146707331098,trending,0 bullish / 2 bearish votes (need 2) in trending regime
2026-09-13T05:24:20.280197+00:00,BUY,415.83,55.837387073310985,trending,2 bullish / 0 bearish votes (need 2) in trending regime
2026-09-15T05:25:05.692408+00:00,SELL,414.03,99.68268913809707,trending,0 bullish / 2 bearish votes (need 2) in trending regime
2026-09-15T19:50:50.366316+00:00,BUY,407.54,56.579629138097076,trending,2 bullish / 0 bearish votes (need 2) in trending regime
2026-09-15T23:11:30.445958+00:00,SELL,400.59,98.86297799857704,trending,1 bullish / 3 bearish votes (need 2) in trending regime
2026-09-18T05:15:31.973617+00:00,BUY,425.68,56.150307998577034,trending,3 bullish / 1 bearish votes (need 2) in trending regime
2026-09-24T13:48:22.478232+00:00,SELL,463.57,102.57191899298599,trending,0 bullish / 2 bearish votes (need 2) in trending regime
2026-09-26T13:23:50.617222+00:00,BUY,495.15,59.92931899298598,trending,2 bullish / 0 bearish votes (need 2) in trending regime
2026-09-29T00:35:06.975749+00:00,SELL,485.91,101.69255484878727,trending,0 bullish / 2 bearish votes (need 2) in trending regime
2026-10-02T15:02:19.454384+00:00,BUY,498.0,57.95886484878727,trending,2 bullish / 1 bearish votes (need 2) in trending regime
2026-10-07T15:47:34.016063+00:00,SELL,482.56,100.25196395240172,-,stop-loss hit: -3.1%
2026-10-10T06:24:41.460502+00:00,BUY,450.26,58.34009395240172,-,"dip_reentry: 7.6% dip from exit 482.56, RSI 26.2 turning up from oversold, lows stabilizing"
2026-10-10T14:46:42.683016+00:00,SELL,450.79,100.21745974705371,trending,0 bullish / 2 bearish votes (need 2) in trending regime
