timestamp,open,high,low,close,volume
1780560000,7185.0,7193.0,6993.0,7067.0,88.3969
1780574400,7073.0,7228.0,7059.0,7150.0,60.7142
1780588800,7165.0,7182.0,7088.0,7179.0,33.8573
1780603200,7153.0,7154.0,7075.0,7139.0,11.1279
1780617600,7145.0,7145.0,6981.0,7010.0,61.1115
1780632000,7001.0,7060.0,6650.0,6801.0,329.8089
1780646400,6807.0,6843.0,6745.0,6761.0,49.8597
1780660800,6752.0,6800.0,6450.0,6471.0,252.6858
1780675200,6470.0,6800.0,6325.0,6325.0,61.5041
1780689600,6596.0,6700.0,6403.0,6470.0,35.6282
1780704000,6475.0,6558.0,6392.0,6409.0,77.9709
1780718400,6407.0,6460.0,6194.0,6448.0,142.7037
1780732800,6445.0,6499.0,6284.0,6365.0,37.0497
1780747200,6374.0,6427.0,6335.0,6396.0,30.5494
1780761600,6397.0,6404.0,6344.0,6364.0,24.9544
1780776000,6362.0,6402.0,6331.0,6402.0,14.2867
1780790400,6403.0,6528.0,6385.0,6508.0,51.997
1780804800,6508.0,6613.0,6464.0,6595.0,61.348
1780819200,6596.0,6718.0,6580.0,6644.0,59.682
1780833600,6641.0,6687.0,6568.0,6653.0,58.3499
1780848000,6654.0,6672.0,6554.0,6579.0,16.3526
1780862400,6568.0,6950.0,6565.0,6869.0,47.9329
1780876800,6876.0,6970.0,6821.0,6859.0,32.9846
1780891200,6858.0,6858.0,6728.0,6836.0,38.917
1780905600,6832.0,6925.0,6785.0,6886.0,43.3311
1780920000,6886.0,6976.0,6842.0,6926.0,88.8946
1780934400,6922.0,6972.0,6872.0,6879.0,10.1242
1780948800,6871.0,6983.0,6871.0,6900.0,7.9155
1780963200,6895.0,6911.0,6751.0,6799.0,82.767
1780977600,6802.0,6892.0,6791.0,6840.0,40.3916
1780992000,6839.0,6839.0,6788.0,6793.0,17.6311
1781006400,6807.0,6841.0,6671.0,6671.0,45.7069
1781020800,6672.0,6750.0,6594.0,6750.0,27.1846
1781035200,6753.0,6765.0,6655.0,6667.0,26.7338
1781049600,6673.0,6699.0,6608.0,6639.0,24.2705
1781064000,6640.0,6687.0,6600.0,6682.0,17.7216
1781078400,6682.0,6682.0,6565.0,6614.0,37.6115
1781092800,6613.0,6781.0,6601.0,6763.0,53.4937
1781107200,6757.0,6757.0,6632.0,6648.0,6.684
1781121600,6636.0,6666.0,6557.0,6620.0,8.4803
1781136000,6626.0,6765.0,6620.0,6753.0,51.0008
1781150400,6735.0,6765.0,6718.0,6740.0,29.2358
1781164800,6740.0,6802.0,6740.0,6790.0,30.6377
1781179200,6785.0,6785.0,6694.0,6704.0,24.3912
1781193600,6712.0,6889.0,6669.0,6860.0,39.0873
1781208000,6857.0,6857.0,6804.0,6832.0,10.6954
1781222400,6823.0,6827.0,6772.0,6792.0,69.781
1781236800,6794.0,6821.0,6734.0,6753.0,24.7166
1781251200,6760.0,6840.0,6760.0,6811.0,86.3135
1781265600,6803.0,6872.0,6742.0,6761.0,23.5428
1781280000,6758.0,6814.0,6749.0,6785.0,1.5907
1781294400,6780.0,6791.0,6770.0,6778.0,3.7457
1781308800,6794.0,6823.0,6790.0,6790.0,22.3529
1781323200,6789.0,6830.0,6785.0,6830.0,8.0529
1781337600,6828.0,6835.0,6817.0,6834.0,6.5018
1781352000,6833.0,6862.0,6833.0,6853.0,11.1471
1781366400,6843.0,6843.0,6818.0,6832.0,4.4919
1781380800,6824.0,6892.0,6824.0,6847.0,8.2037
1781395200,6846.0,6877.0,6846.0,6854.0,21.0707
1781409600,6854.0,6854.0,6826.0,6826.0,7.8971
1781424000,6826.0,6834.0,6813.0,6819.0,8.5588
1781438400,6817.0,6817.0,6739.0,6767.0,55.9263
1781452800,6769.0,6783.0,6761.0,6768.0,1.5493
1781467200,6780.0,7017.0,6778.0,7001.0,31.9168
1781481600,7005.0,7018.0,6952.0,6991.0,44.4723
1781496000,6990.0,6997.0,6973.0,6980.0,32.8247
1781510400,6978.0,7159.0,6965.0,7158.0,46.9664
1781524800,7159.0,7499.0,7157.0,7490.0,97.7156
1781539200,7490.0,7499.0,7376.0,7409.0,32.4817
1781553600,7400.0,7411.0,7261.0,7301.0,15.3599
1781568000,7300.0,7310.0,7201.0,7242.0,31.2955
1781582400,7236.0,7249.0,7174.0,7237.0,35.881
1781596800,7236.0,7352.0,7236.0,7326.0,36.9415
1781611200,7343.0,7474.0,7227.0,7260.0,79.0623
1781625600,7276.0,7367.0,7247.0,7309.0,81.148
1781640000,7310.0,7328.0,7303.0,7306.0,8.5473
1781654400,7317.0,7367.0,7278.0,7312.0,10.0773
1781668800,7315.0,7334.0,7286.0,7286.0,12.1477
1781683200,7269.0,7269.0,7189.0,7209.0,12.9895
1781697600,7207.0,7243.0,7120.0,7231.0,24.519
1781712000,7231.0,7303.0,7055.0,7070.0,87.394
1781726400,7099.0,7141.0,7064.0,7138.0,3.7487
1781740800,7171.0,7200.0,7148.0,7153.0,15.4472
1781755200,7149.0,7185.0,7086.0,7185.0,100.1983
1781769600,7184.0,7214.0,7181.0,7190.0,40.6956
1781784000,7197.0,7220.0,6964.0,6964.0,23.7443
1781798400,6970.0,7030.0,6923.0,7026.0,40.8855
1781812800,7063.0,7063.0,7019.0,7060.0,13.4889
1781827200,7059.0,7087.0,6951.0,7020.0,14.5385
1781841600,7020.0,7061.0,6988.0,7030.0,86.5828
1781856000,7030.0,7039.0,7000.0,7016.0,19.2943
1781870400,7015.0,7081.0,6977.0,7078.0,12.7872
1781884800,7091.0,7091.0,7044.0,7055.0,5.98
1781899200,7062.0,7088.0,7054.0,7088.0,4.8211
1781913600,7090.0,7110.0,7072.0,7083.0,9.4918
1781928000,7081.0,7172.0,7076.0,7165.0,41.5035
1781942400,7160.0,7172.0,7158.0,7170.0,1.5662
1781956800,7169.0,7236.0,7101.0,7221.0,15.9243
1781971200,7212.0,7212.0,7159.0,7181.0,2.0639
1781985600,7179.0,7234.0,7179.0,7225.0,1.9241
1782000000,7225.0,7225.0,7202.0,7213.0,11.4491
1782014400,7213.0,7214.0,7190.0,7200.0,7.3341
1782028800,7200.0,7208.0,7143.0,7163.0,6.2944
1782043200,7161.0,7186.0,7139.0,7181.0,5.6958
1782057600,7166.0,7194.0,7154.0,7194.0,4.9643
1782072000,7164.0,7164.0,7068.0,7076.0,3.9387
1782086400,7083.0,7260.0,7083.0,7170.0,103.2372
1782100800,7179.0,7264.0,7178.0,7249.0,16.6407
1782115200,7242.0,7347.0,7242.0,7341.0,22.1722
1782129600,7341.0,7377.0,7251.0,7251.0,20.6322
1782144000,7250.0,7260.0,7186.0,7211.0,17.8284
1782158400,7212.0,7217.0,7160.0,7191.0,8.7852
1782172800,7189.0,7210.0,7158.0,7185.0,45.7052
1782187200,7187.0,7188.0,7008.0,7008.0,22.7958
1782201600,7001.0,7004.0,6836.0,6908.0,138.3745
1782216000,6913.0,6941.0,6851.0,6898.0,121.5753
1782230400,6899.0,6932.0,6859.0,6888.0,69.8768
1782244800,6914.0,6934.0,6894.0,6912.0,1.8252
1782259200,6921.0,6950.0,6897.0,6923.0,16.205
1782273600,6922.0,6964.0,6904.0,6946.0,15.8349
1782288000,6945.0,7011.0,6884.0,6973.0,10.207
1782302400,6976.0,6978.0,6750.0,6751.0,56.452
1782316800,6751.0,6792.0,6500.0,6594.0,115.894
1782331200,6594.0,6785.0,6594.0,6762.0,24.6168
1782345600,6760.0,6774.0,6697.0,6701.0,91.4638
1782360000,6702.0,6850.0,6700.0,6850.0,50.4008
1782374400,6852.0,6852.0,6748.0,6748.0,13.8963
1782388800,6750.0,6817.0,6381.0,6506.0,145.0875
1782403200,6506.0,6581.0,6446.0,6461.0,43.5039
1782417600,6460.0,6533.0,6451.0,6483.0,24.1923
1782432000,6482.0,6494.0,6269.0,6431.0,178.9034
1782446400,6413.0,6520.0,6379.0,6506.0,40.4178
1782460800,6504.0,6504.0,6352.0,6352.0,31.1284
1782475200,6360.0,6530.0,6281.0,6499.0,72.0752
1782489600,6510.0,6551.0,6477.0,6497.0,10.034
1782504000,6484.0,6500.0,6455.0,6491.0,22.7661
1782518400,6495.0,6518.0,6470.0,6501.0,21.8654
1782532800,6506.0,6515.0,6481.0,6514.0,4.5266
1782547200,6513.0,6514.0,6495.0,6509.0,4.025
1782561600,6507.0,6600.0,6502.0,6591.0,5.8109
1782576000,6592.0,6600.0,6478.0,6485.0,6.8611
1782590400,6497.0,6505.0,6432.0,6470.0,12.7199
1782604800,6477.0,6490.0,6455.0,6460.0,5.7901
1782619200,6463.0,6474.0,6423.0,6474.0,4.385
1782633600,6474.0,6502.0,6468.0,6497.0,5.9439
1782648000,6491.0,6501.0,6470.0,6489.0,18.5302
1782662400,6486.0,6486.0,6405.0,6406.0,7.0371
1782676800,6460.0,6481.0,6375.0,6465.0,20.1663
1782691200,6450.0,6467.0,6351.0,6454.0,80.9432
1782705600,6450.0,6464.0,6383.0,6445.0,21.8436
1782720000,6438.0,6451.0,6385.0,6404.0,116.4124
1782734400,6404.0,6489.0,6346.0,6451.0,150.0539
1782748800,6451.0,6638.0,6430.0,6611.0,22.2934
1782763200,6588.0,6588.0,6549.0,6556.0,7.7927
1782777600,6556.0,6556.0,6459.0,6482.0,22.9998
1782792000,6482.0,6506.0,6456.0,6498.0,30.9189
1782806400,6502.0,6507.0,6444.0,6461.0,46.0358
1782820800,6457.0,6457.0,6374.0,6419.0,57.1111
1782835200,6425.0,6478.0,6406.0,6478.0,5.8167
1782849600,6475.0,6475.0,6431.0,6445.0,6.5232
1782864000,6447.0,6546.0,6376.0,6542.0,43.3739
1782878400,6536.0,6563.0,6452.0,6473.0,12.8176
1782892800,6472.0,6499.0,6437.0,6437.0,28.7041
1782907200,6440.0,6681.0,6433.0,6640.0,62.9485
1782921600,6639.0,6650.0,6610.0,6630.0,12.4043
1782936000,6612.0,6725.0,6594.0,6594.0,18.377
1782950400,6592.0,6698.0,6557.0,6698.0,40.4447
1782964800,6692.0,6692.0,6595.0,6595.0,45.9124
1782979200,6592.0,6743.0,6592.0,6718.0,24.0505
1782993600,6724.0,7015.0,6724.0,6930.0,68.4496
1783008000,6921.0,6946.0,6890.0,6926.0,7.0364
1783022400,6936.0,6945.0,6908.0,6923.0,4.3712
1783036800,6923.0,6981.0,6912.0,6946.0,40.5897
1783051200,6953.0,6999.0,6935.0,6999.0,11.2398
1783065600,6992.0,7106.0,6987.0,7096.0,37.3616
1783080000,7098.0,7128.0,7046.0,7046.0,20.926
1783094400,7048.0,7115.0,7045.0,7098.0,9.3186
1783108800,7096.0,7199.0,7096.0,7148.0,37.2614
1783123200,7148.0,7163.0,7105.0,7138.0,19.3843
1783137600,7138.0,7169.0,7134.0,7151.0,30.2469
1783152000,7157.0,7175.0,7151.0,7158.0,8.2942
1783166400,7162.0,7303.0,7162.0,7291.0,48.3705
1783180800,7291.0,7500.0,7241.0,7304.0,91.917
1783195200,7310.0,7310.0,7244.0,7252.0,17.7173
1783209600,7241.0,7242.0,7168.0,7172.0,24.7691
1783224000,7172.0,7204.0,7171.0,7204.0,14.7121
1783238400,7211.0,7213.0,7150.0,7178.0,5.7025
1783252800,7178.0,7242.0,7167.0,7230.0,14.5879
1783267200,7230.0,7267.0,7221.0,7259.0,4.6964
1783281600,7258.0,7348.0,7228.0,7273.0,18.5887
1783296000,7273.0,7316.0,7232.0,7238.0,24.3557
1783310400,7238.0,7257.0,7206.0,7228.0,15.9228
1783324800,7231.0,7243.0,7174.0,7197.0,14.6674
1783339200,7185.0,7296.0,7080.0,7296.0,41.7755
1783353600,7297.0,7368.0,7297.0,7322.0,97.0594
1783368000,7320.0,7450.0,7301.0,7349.0,80.8033
1783382400,7348.0,7371.0,7239.0,7240.0,17.4363
1783396800,7239.0,7278.0,7199.0,7248.0,12.4399
1783411200,7239.0,7273.0,7225.0,7268.0,5.3481
1783425600,7269.0,7345.0,7205.0,7337.0,14.5194
1783440000,7330.0,7392.0,7260.0,7271.0,33.3433
1783454400,7298.0,7299.0,7246.0,7246.0,3.6138
1783468800,7256.0,7287.0,7145.0,7162.0,25.7858
1783483200,7161.0,7183.0,7150.0,7170.0,18.8985
1783497600,7169.0,7169.0,7060.0,7141.0,46.4083
1783512000,7136.0,7146.0,7016.0,7038.0,17.9973
1783526400,7051.0,7116.0,7046.0,7103.0,2.5817
1783540800,7106.0,7122.0,7096.0,7115.0,4.3769
1783555200,7129.0,7158.0,7057.0,7074.0,16.2358
1783569600,7103.0,7179.0,7103.0,7173.0,3.879
1783584000,7157.0,7171.0,7115.0,7120.0,17.9236
1783598400,7118.0,7146.0,7100.0,7125.0,40.0207
1783612800,7123.0,7188.0,7101.0,7155.0,13.3031
1783627200,7154.0,7154.0,7132.0,7148.0,9.366
1783641600,7137.0,7244.0,7110.0,7229.0,14.8687
1783656000,7231.0,7242.0,7222.0,7231.0,21.021
1783670400,7232.0,7326.0,7231.0,7326.0,13.9115
1783684800,7324.0,7360.0,7255.0,7289.0,51.5356
1783699200,7295.0,7320.0,7275.0,7299.0,7.8173
1783713600,7298.0,7314.0,7286.0,7314.0,6.194
1783728000,7314.0,7319.0,7291.0,7319.0,11.679
1783742400,7317.0,7336.0,7316.0,7335.0,5.2328
1783756800,7335.0,7342.0,7330.0,7340.0,8.8499
1783771200,7342.0,7437.0,7336.0,7397.0,21.0359
1783785600,7397.0,7441.0,7391.0,7418.0,21.0604
1783800000,7429.0,7441.0,7285.0,7306.0,8.131
1783814400,7294.0,7368.0,7267.0,7365.0,24.9387
1783828800,7368.0,7370.0,7307.0,7323.0,6.5923
1783843200,7326.0,7361.0,7326.0,7353.0,2.4694
1783857600,7351.0,7424.0,7351.0,7418.0,6.0336
1783872000,7419.0,7422.0,7400.0,7417.0,14.1927
1783886400,7411.0,7417.0,7340.0,7364.0,3.5885
1783900800,7362.0,7500.0,7265.0,7273.0,27.0129
1783915200,7268.0,7306.0,7251.0,7306.0,41.4933
1783929600,7292.0,7317.0,7273.0,7287.0,7.7466
1783944000,7284.0,7286.0,7217.0,7263.0,38.9108
1783958400,7263.0,7271.0,7167.0,7239.0,17.6321
1783972800,7250.0,7250.0,7174.0,7250.0,4.8806
1783987200,7252.0,7314.0,7249.0,7277.0,13.1145
1784001600,7285.0,7322.0,7281.0,7287.0,18.8773
1784016000,7284.0,7361.0,7280.0,7351.0,6.4303
1784030400,7345.0,7683.0,7340.0,7652.0,157.7501
1784044800,7651.0,7653.0,7606.0,7649.0,9.3661
1784059200,7649.0,7700.0,7644.0,7695.0,33.2333
1784073600,7696.0,7696.0,7600.0,7630.0,21.0798
1784088000,7631.0,7680.0,7593.0,7611.0,24.282
1784102400,7611.0,7679.0,7611.0,7679.0,15.4074
1784116800,7679.0,7913.0,7674.0,7872.0,119.8857
1784131200,7872.0,7882.0,7776.0,7839.0,28.6001
1784145600,7836.0,7855.0,7806.0,7814.0,3.7953
1784160000,7813.0,7860.0,7781.0,7834.0,33.6398
1784174400,7833.0,7838.0,7773.0,7779.0,34.5237
1784188800,7788.0,7788.0,7661.0,7695.0,42.1818
1784203200,7691.0,7718.0,7645.0,7685.0,33.8545
1784217600,7673.0,7683.0,7632.0,7659.0,4.2874
1784232000,7654.0,7677.0,7605.0,7623.0,11.9417
1784246400,7619.0,7643.0,7553.0,7588.0,28.5853
1784260800,7586.0,7587.0,7471.0,7490.0,52.9368
1784275200,7489.0,7550.0,7477.0,7547.0,15.4456
1784289600,7530.0,7530.0,7424.0,7524.0,26.2421
1784304000,7516.0,7617.0,7516.0,7556.0,40.7926
1784318400,7550.0,7559.0,7531.0,7546.0,1.4296
1784332800,7546.0,7553.0,7546.0,7551.0,16.8294
1784347200,7552.0,7604.0,7552.0,7589.0,50.9833
1784361600,7589.0,7602.0,7589.0,7597.0,9.2052
1784376000,7603.0,7622.0,7581.0,7598.0,59.7989
1784390400,7595.0,7665.0,7590.0,7649.0,11.0895
1784404800,7653.0,7676.0,7645.0,7666.0,6.6261
1784419200,7670.0,7707.0,7655.0,7682.0,7.1296
1784433600,7683.0,7698.0,7679.0,7695.0,10.7459
1784448000,7695.0,7720.0,7681.0,7711.0,26.8758
1784462400,7710.0,7710.0,7680.0,7695.0,6.4255
1784476800,7687.0,7687.0,7620.0,7631.0,2.6645
1784491200,7642.0,7682.0,7623.0,7681.0,24.5739
1784505600,7678.0,7749.0,7650.0,7702.0,10.139
1784520000,7708.0,7708.0,7577.0,7633.0,18.7211
1784534400,7636.0,7763.0,7609.0,7763.0,6.6609
1784548800,7766.0,7792.0,7606.0,7790.0,20.5853
1784563200,7785.0,7836.0,7761.0,7761.0,13.4171
1784577600,7777.0,7799.0,7765.0,7785.0,8.1757
1784592000,7786.0,7877.0,7784.0,7874.0,42.2466
1784606400,7878.0,7920.0,7857.0,7919.0,17.153
1784620800,7918.0,7968.0,7881.0,7902.0,47.4714
1784635200,7906.0,7927.0,7860.0,7878.0,16.4934
1784649600,7883.0,7883.0,7837.0,7852.0,7.1615
1784664000,7848.0,7867.0,7831.0,7867.0,4.4641
1784678400,7874.0,7918.0,7874.0,7899.0,32.1355
1784692800,7896.0,7910.0,7830.0,7830.0,7.3048
1784707200,7839.0,7897.0,7839.0,7874.0,23.3999
1784721600,7864.0,7969.0,7839.0,7941.0,27.9863
1784736000,7938.0,7981.0,7878.0,7885.0,6.0357
1784750400,7882.0,7917.0,7872.0,7903.0,2.4736
1784764800,7903.0,7917.0,7851.0,7851.0,7.247
1784779200,7852.0,7871.0,7833.0,7839.0,23.6714
1784793600,7844.0,7888.0,7844.0,7883.0,15.9123
1784808000,7888.0,7888.0,7714.0,7744.0,19.7426
1784822400,7740.0,7740.0,7671.0,7671.0,7.4764
1784836800,7699.0,7732.0,7699.0,7702.0,8.6227
1784851200,7702.0,7710.0,7650.0,7710.0,18.9406
1784865600,7710.0,7809.0,7701.0,7765.0,15.7726
1784880000,7770.0,7775.0,7709.0,7709.0,9.5374
1784894400,7736.0,7736.0,7602.0,7667.0,22.5543
1784908800,7654.0,7666.0,7582.0,7652.0,23.8777
1784923200,7643.0,7652.0,7643.0,7652.0,4.0615
1784937600,7657.0,7661.0,7640.0,7640.0,9.4101
1784952000,7645.0,7647.0,7632.0,7636.0,11.6835
1784966400,7635.0,7640.0,7617.0,7640.0,4.6352
1784980800,7639.0,7688.0,7639.0,7685.0,14.0565
1784995200,7684.0,7710.0,7675.0,7710.0,2.8507
1785009600,7710.0,7710.0,7690.0,7710.0,1.1894
1785024000,7721.0,7741.0,7721.0,7738.0,7.8066
1785038400,7737.0,7758.0,7735.0,7739.0,7.8601
1785052800,7738.0,7759.0,7735.0,7758.0,16.727
1785067200,7758.0,7868.0,7745.0,7863.0,13.486
1785081600,7860.0,7901.0,7851.0,7871.0,22.9613
1785096000,7865.0,8040.0,7864.0,8005.0,38.5189
1785110400,8005.0,8005.0,7920.0,7950.0,52.0774
1785124800,7954.0,8061.0,7954.0,8034.0,30.9871
1785139200,8029.0,8040.0,8003.0,8009.0,16.2057
1785153600,8009.0,8065.0,7867.0,7902.0,39.9546
1785168000,7907.0,7996.0,7907.0,7996.0,12.8481
1785182400,7985.0,7985.0,7743.0,7761.0,36.8006
1785196800,7761.0,7761.0,7680.0,7717.0,31.3427
1785211200,7717.0,7747.0,7712.0,7733.0,28.3659
1785225600,7725.0,7734.0,7700.0,7705.0,16.2166
1785240000,7706.0,7880.0,7650.0,7855.0,113.7777
1785254400,7861.0,7877.0,7777.0,7851.0,7.667
1785268800,7851.0,7872.0,7808.0,7856.0,3.6526
1785283200,7859.0,7869.0,7750.0,7750.0,22.9279
1785297600,7749.0,7851.0,7728.0,7851.0,11.7005
1785312000,7854.0,7863.0,7830.0,7840.0,17.2103
1785326400,7838.0,7843.0,7755.0,7755.0,16.8042
1785340800,7760.0,7882.0,7719.0,7738.0,77.6348
1785355200,7737.0,7823.0,7700.0,7823.0,6.0467
1785369600,7823.0,7851.0,7768.0,7822.0,21.8549
1785384000,7817.0,7817.0,7777.0,7788.0,13.8365
1785398400,7786.0,7855.0,7785.0,7850.0,15.2287
1785412800,7857.0,7897.0,7828.0,7836.0,23.4919
1785427200,7835.0,7859.0,7834.0,7859.0,7.8092
1785441600,7857.0,7899.0,7854.0,7869.0,21.7045
1785456000,7844.0,7880.0,7783.0,7813.0,14.7832
1785470400,7805.0,7805.0,7732.0,7739.0,12.3884
1785484800,7742.0,7751.0,7705.0,7731.0,29.5038
1785499200,7731.0,7738.0,7595.0,7646.0,44.9387
1785513600,7644.0,7692.0,7644.0,7669.0,3.3311
1785528000,7673.0,7673.0,7640.0,7649.0,6.8744
1785542400,7649.0,7668.0,7649.0,7668.0,1.8593
1785556800,7668.0,7680.0,7668.0,7674.0,4.9352
1785571200,7674.0,7674.0,7656.0,7661.0,5.1065
1785585600,7662.0,7684.0,7662.0,7677.0,4.4954
1785600000,7676.0,7676.0,7495.0,7542.0,30.5087
1785614400,7541.0,7575.0,7539.0,7573.0,21.0266
1785628800,7574.0,7710.0,7572.0,7698.0,12.5817
1785643200,7700.0,7705.0,7690.0,7690.0,6.4387
1785657600,7691.0,7691.0,7581.0,7581.0,8.2567
1785672000,7587.0,7604.0,7542.0,7595.0,34.9398
1785686400,7593.0,7675.0,7593.0,7671.0,2.496
1785700800,7682.0,7738.0,7675.0,7683.0,7.3766
1785715200,7693.0,7694.0,7586.0,7604.0,11.553
1785729600,7605.0,7615.0,7545.0,7556.0,21.5575
1785744000,7554.0,7590.0,7509.0,7560.0,6.6062
1785758400,7555.0,7669.0,7552.0,7630.0,50.5505
1785772800,7630.0,7654.0,7629.0,7654.0,27.8509
1785787200,7650.0,7652.0,7595.0,7603.0,16.8678
1785801600,7602.0,7646.0,7576.0,7631.0,21.1721
1785816000,7625.0,7650.0,7590.0,7623.0,46.2303
1785830400,7615.0,7661.0,7589.0,7661.0,19.5389
1785844800,7661.0,7687.0,7625.0,7680.0,52.0415
1785859200,7670.0,7700.0,7648.0,7700.0,23.4857
1785873600,7695.0,7695.0,7670.0,7671.0,3.7324
1785888000,7669.0,7677.0,7633.0,7634.0,41.0738
1785902400,7635.0,7661.0,7628.0,7635.0,32.5069
1785916800,7643.0,7659.0,7642.0,7647.0,14.1027
1785931200,7647.0,7700.0,7616.0,7676.0,38.3332
1785945600,7677.0,7860.0,7677.0,7842.0,11.2458
1785960000,7840.0,7852.0,7786.0,7806.0,36.619
1785974400,7806.0,7808.0,7764.0,7768.0,12.7376
1785988800,7765.0,7838.0,7765.0,7810.0,9.1917
1786003200,7811.0,7822.0,7769.0,7797.0,9.1302
1786017600,7796.0,7845.0,7759.0,7823.0,31.0924
1786032000,7822.0,7828.0,7793.0,7794.0,1.6148
1786046400,7794.0,7795.0,7768.0,7775.0,3.6666
1786060800,7775.0,7786.0,7766.0,7767.0,17.148
1786075200,7765.0,7785.0,7754.0,7781.0,12.2139
1786089600,7782.0,7834.0,7782.0,7831.0,10.5675
1786104000,7830.0,7907.0,7825.0,7843.0,112.2796
1786118400,7844.0,7859.0,7804.0,7833.0,9.5476
1786132800,7834.0,7835.0,7829.0,7830.0,0.9861
1786147200,7829.0,7841.0,7825.0,7838.0,10.0517
1786161600,7839.0,7842.0,7839.0,7841.0,3.3834
1786176000,7841.0,7862.0,7839.0,7862.0,3.0811
1786190400,7862.0,7868.0,7855.0,7865.0,4.9978
1786204800,7865.0,7877.0,7865.0,7873.0,1.3294
1786219200,7870.0,7871.0,7869.0,7869.0,6.8275
1786233600,7869.0,7870.0,7851.0,7852.0,9.5931
1786248000,7852.0,7859.0,7845.0,7859.0,15.7862
1786262400,7860.0,7873.0,7852.0,7860.0,6.3117
1786276800,7860.0,7886.0,7860.0,7883.0,2.522
1786291200,7883.0,7883.0,7870.0,7870.0,0.909
1786305600,7869.0,7902.0,7827.0,7827.0,10.3605
1786320000,7827.0,7883.0,7817.0,7837.0,51.0504
1786334400,7840.0,7890.0,7828.0,7865.0,27.017
1786348800,7865.0,7869.0,7843.0,7848.0,6.5759
1786363200,7848.0,7848.0,7687.0,7697.0,28.5367
1786377600,7696.0,7697.0,7675.0,7692.0,3.8241
1786392000,7694.0,7694.0,7676.0,7680.0,14.0618
1786406400,7680.0,7696.0,7679.0,7696.0,24.6307
1786420800,7696.0,7699.0,7686.0,7689.0,15.6777
1786435200,7689.0,7738.0,7686.0,7738.0,7.6367
1786449600,7738.0,7738.0,7620.0,7633.0,21.4757
1786464000,7635.0,7715.0,7630.0,7715.0,24.3499
1786478400,7715.0,7724.0,7714.0,7715.0,0.448
1786492800,7714.0,7726.0,7714.0,7721.0,6.2885
1786507200,7721.0,7740.0,7721.0,7737.0,31.4566
1786521600,7738.0,7822.0,7737.0,7822.0,17.1683
1786536000,7818.0,7849.0,7727.0,7742.0,37.017
1786550400,7742.0,7742.0,7706.0,7706.0,1.151
1786564800,7702.0,7716.0,7685.0,7689.0,4.7576
1786579200,7690.0,7717.0,7683.0,7717.0,15.1897
1786593600,7723.0,7765.0,7723.0,7764.0,61.3591
1786608000,7764.0,7764.0,7690.0,7699.0,8.7933
1786622400,7699.0,7751.0,7699.0,7719.0,13.6739
1786636800,7702.0,7726.0,7650.0,7726.0,11.6268
1786651200,7726.0,7739.0,7717.0,7721.0,3.9854
1786665600,7720.0,7725.0,7720.0,7725.0,9.6714
1786680000,7724.0,7724.0,7681.0,7688.0,4.1773
1786694400,7687.0,7703.0,7680.0,7703.0,29.9344
1786708800,7698.0,7720.0,7660.0,7720.0,8.6339
1786723200,7722.0,7730.0,7694.0,7700.0,2.3266
1786737600,7706.0,7706.0,7696.0,7706.0,1.6159
1786752000,7706.0,7727.0,7706.0,7727.0,3.3762
1786766400,7726.0,7726.0,7716.0,7717.0,11.5338
1786780800,7716.0,7716.0,7705.0,7709.0,0.8145
1786795200,7709.0,7729.0,7708.0,7728.0,8.3739
1786809600,7729.0,7733.0,7729.0,7733.0,0.8051
1786824000,7730.0,7730.0,7724.0,7724.0,2.984
1786838400,7724.0,7728.0,7706.0,7727.0,1.3789
1786852800,7727.0,7728.0,7713.0,7717.0,1.1947
1786867200,7717.0,7718.0,7716.0,7717.0,0.6051
1786881600,7715.0,7720.0,7715.0,7720.0,2.057
1786896000,7720.0,7720.0,7713.0,7719.0,1.0209
1786910400,7713.0,7713.0,7670.0,7675.0,5.4638
1786924800,7674.0,7776.0,7670.0,7764.0,16.6252
1786939200,7765.0,7784.0,7741.0,7741.0,10.8401
1786953600,7742.0,7756.0,7704.0,7745.0,17.7174
1786968000,7750.0,7768.0,7723.0,7768.0,7.9456
1786982400,7758.0,7769.0,7750.0,7750.0,0.685
1786996800,7753.0,7775.0,7742.0,7773.0,2.174
1787011200,7763.0,7764.0,7686.0,7703.0,11.5619
1787025600,7699.0,7739.0,7699.0,7716.0,10.0849
1787040000,7704.0,7730.0,7704.0,7729.0,13.3324
1787054400,7730.0,7802.0,7710.0,7792.0,72.6767
1787068800,7788.0,7797.0,7771.0,7780.0,3.7703
1787083200,7777.0,7790.0,7763.0,7790.0,1.0742
1787097600,7779.0,7788.0,7751.0,7774.0,8.7959
1787112000,7770.0,7798.0,7755.0,7796.0,6.879
1787126400,7795.0,7823.0,7789.0,7817.0,8.0112
1787140800,7818.0,8500.0,7817.0,8448.0,245.9723
1787155200,8419.0,8519.0,8000.0,8519.0,122.0948
1787169600,8519.0,9359.0,8519.0,9085.0,242.5635
1787184000,9077.0,9143.0,8972.0,9057.0,80.4507
1787198400,9055.0,9100.0,9010.0,9062.0,30.8058
1787212800,9060.0,9299.0,9059.0,9227.0,124.204
1787227200,9230.0,9325.0,9092.0,9312.0,89.3115
1787241600,9309.0,9359.0,9264.0,9275.0,52.5708
1787256000,9270.0,9330.0,9182.0,9330.0,12.9643
1787270400,9330.0,9500.0,9330.0,9396.0,220.8222
1787284800,9399.0,9554.0,9259.0,9497.0,100.452
1787299200,9499.0,9689.0,9464.0,9501.0,153.352
1787313600,9501.0,9631.0,9491.0,9611.0,80.6979
1787328000,9611.0,9747.0,9552.0,9682.0,77.3584
1787342400,9676.0,10100.0,9676.0,10031.0,135.5138
1787356800,10030.0,10050.0,9940.0,10022.0,68.1514
1787371200,10022.0,10050.0,9656.0,9771.0,186.5353
1787385600,9770.0,9801.0,9600.0,9641.0,107.2683
1787400000,9660.0,9729.0,9388.0,9561.0,31.3412
1787414400,9561.0,9666.0,9550.0,9666.0,11.8147
1787428800,9693.0,9693.0,9587.0,9649.0,7.5453
1787443200,9640.0,9683.0,9514.0,9610.0,34.1199
1787457600,9606.0,9619.0,9345.0,9551.0,79.4397
1787472000,9549.0,9709.0,9549.0,9705.0,32.2393
1787486400,9701.0,9883.0,9601.0,9778.0,67.9011
1787500800,9795.0,9832.0,9772.0,9798.0,19.0432
1787515200,9799.0,9911.0,9675.0,9853.0,21.575
1787529600,9845.0,9921.0,9669.0,9783.0,54.8221
1787544000,9783.0,9945.0,9783.0,9892.0,15.1207
1787558400,9891.0,10090.0,9827.0,10041.0,62.3288
1787572800,10038.0,10185.0,9983.0,10000.0,116.9769
1787587200,10005.0,10072.0,9901.0,9924.0,15.2812
1787601600,9938.0,10002.0,9917.0,9973.0,9.0243
1787616000,9986.0,10169.0,9946.0,10032.0,42.585
1787630400,10059.0,10100.0,9951.0,10004.0,23.0145
1787644800,9995.0,10053.0,9950.0,10011.0,18.779
1787659200,10010.0,10010.0,9856.0,10001.0,37.2923
1787673600,10001.0,10016.0,9918.0,9930.0,4.1535
1787688000,9925.0,9925.0,9785.0,9862.0,20.3051
1787702400,9863.0,9935.0,9850.0,9923.0,26.5727
1787716800,9921.0,9938.0,9891.0,9918.0,9.34
1787731200,9907.0,9936.0,9833.0,9905.0,22.0381
1787745600,9905.0,9925.0,9787.0,9851.0,33.0509
1787760000,9845.0,9951.0,9802.0,9929.0,13.2419
1787774400,9922.0,10075.0,9921.0,10055.0,17.3338
1787788800,10056.0,10062.0,10002.0,10014.0,29.0491
1787803200,10020.0,10028.0,9991.0,10028.0,23.8785
1787817600,10027.0,10288.0,10012.0,10052.0,92.1533
1787832000,10055.0,10165.0,9992.0,10138.0,40.0603
1787846400,10140.0,10171.0,10035.0,10055.0,7.8698
1787860800,10055.0,10098.0,10055.0,10095.0,9.685
1787875200,10091.0,10154.0,10001.0,10002.0,48.261
1787889600,10001.0,10056.0,9980.0,10039.0,26.1286
1787904000,10040.0,10084.0,10001.0,10067.0,21.9717
1787918400,10067.0,10143.0,9952.0,9952.0,35.2236
1787932800,9950.0,9950.0,9716.0,9810.0,72.5045
1787947200,9801.0,9819.0,9771.0,9816.0,53.985
1787961600,9816.0,9846.0,9733.0,9827.0,37.6423
1787976000,9827.0,9838.0,9815.0,9824.0,11.9441
1787990400,9820.0,9831.0,9820.0,9831.0,1.2569
1788004800,9830.0,9874.0,9829.0,9860.0,15.2971
1788019200,9863.0,9890.0,9863.0,9889.0,18.4298
1788033600,9891.0,9905.0,9889.0,9905.0,0.4059
1788048000,9905.0,9937.0,9903.0,9908.0,33.6015
1788062400,9907.0,9913.0,9902.0,9912.0,27.1498
1788076800,9911.0,9917.0,9907.0,9910.0,10.1293
1788091200,9910.0,10006.0,9910.0,10006.0,23.3976
1788105600,10010.0,10217.0,10010.0,10086.0,18.8535
1788120000,10093.0,10102.0,9645.0,9766.0,53.3035
1788134400,9765.0,9847.0,9723.0,9792.0,41.0625
1788148800,9770.0,9867.0,9768.0,9861.0,9.2705
1788163200,9861.0,9917.0,9834.0,9889.0,12.2346
1788177600,9888.0,9976.0,9859.0,9975.0,32.3694
1788192000,9959.0,9999.0,9936.0,9998.0,17.1267
1788206400,9995.0,10004.0,9940.0,9946.0,5.4813
1788220800,9942.0,9979.0,9859.0,9972.0,52.654
1788235200,9967.0,10000.0,9958.0,9974.0,9.5624
1788249600,9971.0,9971.0,9888.0,9949.0,14.3965
1788264000,9948.0,9948.0,9859.0,9926.0,19.2434
1788278400,9900.0,9900.0,9690.0,9807.0,22.6275
1788292800,9807.0,9818.0,9754.0,9806.0,11.0474
1788307200,9805.0,9815.0,9690.0,9774.0,28.1832
